Requêtes les plus fréquentes,Clics,Impressions,CTR,Position
pda zebra,2,486,0.41%,13.84
pda zebra tc56,1,113,0.88%,18.27
location pda zebra,1,60,1.67%,1
pda zebra tc51,0,96,0%,18.83
pda zebra tc20,0,89,0%,14.63
pda zebra tc25,0,62,0%,35.89
pda zebra motorola tc70,0,54,0%,4.35
pda zebra motorola tc55,0,53,0%,2.91
reparation pda zebra,0,51,0%,1.8
pda zebra motorola tc51-tc56,0,49,0%,7.59
pda zebra motorola tc20,0,46,0%,2.65
pda zebra tc21,0,43,0%,9.72
pda zebra prix,0,9,0%,18.67
pda zebra tc26,0,8,0%,25.25
pda zebra tc57,0,8,0%,25.38
pda zebra android,0,6,0%,35.5
pda zebra tc52,0,4,0%,9.75
pda zebra mc3300,0,2,0%,54
terminales pda zebra,0,1,0%,60
pda datalogic,0,115,0%,5.72
pda datalogic memor 10,0,92,0%,9.43
pda datalogic memor x3,0,63,0%,3.62
pda datalogic memor 1,0,61,0%,5.18
reparation pda datalogic,0,55,0%,1
location pda datalogic,0,50,0%,1
pda honeywell,1,50,2%,"9,4"
tablette zebra,0,125,0%,22.04
tablette zebra et50,0,61,0%,10.52
tablette zebra et55,0,56,0%,8.89
tablette zebra prix,0,13,0%,14.54
tablette zebra et51,0,7,0%,26.14
tablette zebra l10,0,1,0%,9